{"payload":{"installed_packages":["absl-py==1.2.0","attrs==22.1.0","backcall==0.2.0","brotlipy==0.7.0","cachetools==5.2.0","certifi==2022.9.24","cffi==1.15.1","charset-normalizer==2.1.1","clearml==1.7.1","click==8.1.3","colorama==0.4.5","comet-ml==3.31.15","configobj==5.0.6","cryptography==37.0.4","cycler==0.11.0","decorator==5.1.1","docker-pycreds==0.4.0","dulwich==0.20.46","everett==3.0.0","fonttools==4.37.4","furl==2.1.3","future==0.18.2","gitdb==4.0.9","gitpython==3.1.29","google-auth-oauthlib==0.4.6","google-auth==2.12.0","grpcio==1.49.1","idna==3.4","importlib-metadata==5.0.0","importlib-resources==5.10.0","ipython==7.34.0","jedi==0.18.1","jsonschema==4.16.0","kiwisolver==1.4.4","markdown==3.4.1","markupsafe==2.1.1","matplotlib-inline==0.1.6","matplotlib==3.5.3","numpy==1.21.6","oauthlib==3.2.1","opencv-python==4.6.0.66","orderedmultidict==1.0.1","packaging==21.3","pafy==0.5.5","pandas==1.3.5","parso==0.8.3","pathlib2==2.3.7.post1","pathtools==0.1.2","pickleshare==0.7.5","pillow==9.2.0","pip==22.2.2","pkgutil-resolve-name==1.3.10","promise==2.3","prompt-toolkit==3.0.31","protobuf==3.19.6","psutil==5.9.2","pyasn1-modules==0.2.8","pyasn1==0.4.8","pycparser==2.21","pygments==2.13.0","pyjwt==2.4.0","pyopenssl==22.0.0","pyparsing==3.0.9","pyrsistent==0.18.1","pysocks==1.7.1","python-dateutil==2.8.2","pytz==2022.4","pyyaml==6.0","requests-oauthlib==1.3.1","requests-toolbelt==0.10.0","requests==2.28.1","rsa==4.9","scipy==1.7.3","seaborn==0.12.0","semantic-version==2.10.0","sentry-sdk==1.9.10","setproctitle==1.3.2","setuptools==63.4.1","shortuuid==1.0.9","six==1.16.0","smmap==5.0.0","tensorboard-data-server==0.6.1","tensorboard-plugin-wit==1.8.1","tensorboard==2.10.1","termcolor-whl==1.1.2","thop==0.1.1.post2209072238","torch==1.12.1","torchaudio==0.12.1","torchvision==0.13.1","tqdm==4.64.1","traitlets==5.4.0","typing-extensions==4.4.0","urllib3==1.26.12","wandb==0.12.10","wcwidth==0.2.5","websocket-client==1.3.3","werkzeug==2.2.2","wheel==0.37.1","win-inet-pton==1.1.0","wincertstore==0.2","wrapt==1.14.1","wurlitzer==3.0.2","yaspin==2.2.0","zipp==3.9.0"],"local_timestamp":1665574523647},"type":"ws_msg"}
{"payload":{"env_details":{"command":["train.py","--img","418","--batch","16","--epochs","100","--data","coco128.yaml","--weights","yolov5s.pt","--device","0"],"env":null,"hostname":"DESKTOP-3NN12RN","ip":"172.30.52.12","machine":"AMD64","os":"Windows-10-10.0.22000-SP0","os_release":"10","os_type":"Windows","pid":18724,"processor":"Intel64 Family 6 Model 141 Stepping 1, GenuineIntel","python_exe":"C:\\ProgramData\\Anaconda3\\envs\\cap\\python.exe","python_version":"3.7.13","python_version_verbose":"3.7.13 (default, Mar 28 2022, 08:03:21) [MSC v.1916 64 bit (AMD64)]","user":"yoons"},"local_timestamp":1665574523733},"type":"ws_msg"}
{"payload":{"local_timestamp":1665574524232,"param":{"paramName":"img","paramValue":418,"source":"command_line","step":null}},"type":"parameter_msg"}
{"payload":{"local_timestamp":1665574524233,"param":{"paramName":"batch","paramValue":16,"source":"command_line","step":null}},"type":"parameter_msg"}
{"payload":{"local_timestamp":1665574524233,"param":{"paramName":"epochs","paramValue":100,"source":"command_line","step":null}},"type":"parameter_msg"}
{"payload":{"local_timestamp":1665574524233,"param":{"paramName":"data","paramValue":"coco128.yaml","source":"command_line","step":null}},"type":"parameter_msg"}
{"payload":{"local_timestamp":1665574524233,"param":{"paramName":"weights","paramValue":"yolov5s.pt","source":"command_line","step":null}},"type":"parameter_msg"}
{"payload":{"local_timestamp":1665574524233,"param":{"paramName":"device","paramValue":0,"source":"command_line","step":null}},"type":"parameter_msg"}
{"payload":{"local_timestamp":1665574524234,"metric":{"epoch":null,"metricName":"sys.cpu.percent.avg","metricValue":5.05625,"step":null}},"type":"metric_msg"}
{"payload":{"local_timestamp":1665574524234,"metric":{"epoch":null,"metricName":"sys.cpu.percent.01","metricValue":4.0,"step":null}},"type":"metric_msg"}
{"payload":{"local_timestamp":1665574524234,"metric":{"epoch":null,"metricName":"sys.cpu.percent.02","metricValue":0.0,"step":null}},"type":"metric_msg"}
{"payload":{"local_timestamp":1665574524234,"metric":{"epoch":null,"metricName":"sys.cpu.percent.03","metricValue":12.0,"step":null}},"type":"metric_msg"}
{"payload":{"local_timestamp":1665574524234,"metric":{"epoch":null,"metricName":"sys.cpu.percent.04","metricValue":4.2,"step":null}},"type":"metric_msg"}
{"payload":{"local_timestamp":1665574524234,"metric":{"epoch":null,"metricName":"sys.cpu.percent.05","metricValue":12.0,"step":null}},"type":"metric_msg"}
{"payload":{"local_timestamp":1665574524234,"metric":{"epoch":null,"metricName":"sys.cpu.percent.06","metricValue":12.0,"step":null}},"type":"metric_msg"}
{"payload":{"local_timestamp":1665574524234,"metric":{"epoch":null,"metricName":"sys.cpu.percent.07","metricValue":4.0,"step":null}},"type":"metric_msg"}
{"payload":{"local_timestamp":1665574524234,"metric":{"epoch":null,"metricName":"sys.cpu.percent.08","metricValue":4.2,"step":null}},"type":"metric_msg"}
{"payload":{"local_timestamp":1665574524234,"metric":{"epoch":null,"metricName":"sys.cpu.percent.09","metricValue":4.0,"step":null}},"type":"metric_msg"}
{"payload":{"local_timestamp":1665574524234,"metric":{"epoch":null,"metricName":"sys.cpu.percent.10","metricValue":4.0,"step":null}},"type":"metric_msg"}
{"payload":{"local_timestamp":1665574524234,"metric":{"epoch":null,"metricName":"sys.cpu.percent.11","metricValue":8.0,"step":null}},"type":"metric_msg"}
{"payload":{"local_timestamp":1665574524234,"metric":{"epoch":null,"metricName":"sys.cpu.percent.12","metricValue":8.3,"step":null}},"type":"metric_msg"}
{"payload":{"local_timestamp":1665574524234,"metric":{"epoch":null,"metricName":"sys.cpu.percent.13","metricValue":0.0,"step":null}},"type":"metric_msg"}
{"payload":{"local_timestamp":1665574524234,"metric":{"epoch":null,"metricName":"sys.cpu.percent.14","metricValue":4.2,"step":null}},"type":"metric_msg"}
{"payload":{"local_timestamp":1665574524234,"metric":{"epoch":null,"metricName":"sys.cpu.percent.15","metricValue":0.0,"step":null}},"type":"metric_msg"}
{"payload":{"local_timestamp":1665574524234,"metric":{"epoch":null,"metricName":"sys.cpu.percent.16","metricValue":0.0,"step":null}},"type":"metric_msg"}
{"payload":{"local_timestamp":1665574524234,"metric":{"epoch":null,"metricName":"sys.load.avg","metricValue":0.0,"step":null}},"type":"metric_msg"}
{"payload":{"local_timestamp":1665574524234,"metric":{"epoch":null,"metricName":"sys.ram.total","metricValue":16866852864,"step":null}},"type":"metric_msg"}
{"payload":{"local_timestamp":1665574524234,"metric":{"epoch":null,"metricName":"sys.ram.used","metricValue":11055681536,"step":null}},"type":"metric_msg"}
{"payload":{"local_timestamp":1665574524259,"log_other":{"key":"offline_experiment","val":true}},"type":"ws_msg"}
{"payload":{"local_timestamp":1665574524271,"stderr":true,"stdout":"Traceback (most recent call last):\n"},"type":"ws_msg"}
{"payload":{"local_timestamp":1665574524275,"stderr":true,"stdout":"  File \"train.py\", line 630, in <module>\n    main(opt)\n"},"type":"ws_msg"}
{"payload":{"local_timestamp":1665574524278,"stderr":true,"stdout":"  File \"train.py\", line 526, in main\n    train(opt.hyp, opt, device, callbacks)\n"},"type":"ws_msg"}
{"payload":{"local_timestamp":1665574524279,"stderr":true,"stdout":"  File \"train.py\", line 94, in train\n    loggers = Loggers(save_dir, weights, opt, hyp, LOGGER)  # loggers instance\n"},"type":"ws_msg"}
{"payload":{"local_timestamp":1665574524281,"stderr":true,"stdout":"  File \"C:\\Users\\yoons\\Desktop\\cap\\muchine\\yolov5-master\\yolov5-master\\utils\\loggers\\__init__.py\", line 132, in __init__\n    self.comet_logger = CometLogger(self.opt, self.hyp)\n"},"type":"ws_msg"}
{"payload":{"local_timestamp":1665574524282,"stderr":true,"stdout":"  File \"C:\\Users\\yoons\\Desktop\\cap\\muchine\\yolov5-master\\yolov5-master\\utils\\loggers\\comet\\__init__.py\", line 97, in __init__\n    self.data_dict = self.check_dataset(self.opt.data)\n"},"type":"ws_msg"}
{"payload":{"local_timestamp":1665574524283,"stderr":true,"stdout":"  File \"C:\\Users\\yoons\\Desktop\\cap\\muchine\\yolov5-master\\yolov5-master\\utils\\loggers\\comet\\__init__.py\", line 232, in check_dataset\n    data_config = yaml.safe_load(f)\n"},"type":"ws_msg"}
{"payload":{"local_timestamp":1665574524285,"stderr":true,"stdout":"  File \"C:\\ProgramData\\Anaconda3\\envs\\cap\\lib\\site-packages\\yaml\\__init__.py\", line 125, in safe_load\n    return load(stream, SafeLoader)\n"},"type":"ws_msg"}
{"payload":{"local_timestamp":1665574524287,"stderr":true,"stdout":"  File \"C:\\ProgramData\\Anaconda3\\envs\\cap\\lib\\site-packages\\yaml\\__init__.py\", line 79, in load\n    loader = Loader(stream)\n"},"type":"ws_msg"}
{"payload":{"local_timestamp":1665574524287,"stderr":true,"stdout":"  File \"C:\\ProgramData\\Anaconda3\\envs\\cap\\lib\\site-packages\\yaml\\loader.py\", line 34, in __init__\n    Reader.__init__(self, stream)\n"},"type":"ws_msg"}
{"payload":{"local_timestamp":1665574524288,"stderr":true,"stdout":"  File \"C:\\ProgramData\\Anaconda3\\envs\\cap\\lib\\site-packages\\yaml\\reader.py\", line 85, in __init__\n    self.determine_encoding()\n"},"type":"ws_msg"}
{"payload":{"local_timestamp":1665574524289,"stderr":true,"stdout":"  File \"C:\\ProgramData\\Anaconda3\\envs\\cap\\lib\\site-packages\\yaml\\reader.py\", line 124, in determine_encoding\n    self.update_raw()\n"},"type":"ws_msg"}
{"payload":{"local_timestamp":1665574524289,"stderr":true,"stdout":"  File \"C:\\ProgramData\\Anaconda3\\envs\\cap\\lib\\site-packages\\yaml\\reader.py\", line 178, in update_raw\n    data = self.stream.read(size)\n"},"type":"ws_msg"}
{"payload":{"local_timestamp":1665574524290,"stderr":true,"stdout":"UnicodeDecodeError: 'cp949' codec can't decode byte 0xf0 in position 9: illegal multibyte sequence\n"},"type":"ws_msg"}
{"payload":{"local_timestamp":1665574524290,"stderr":true,"stdout":"Traceback (most recent call last):\n"},"type":"ws_msg"}
{"payload":{"local_timestamp":1665574524290,"stderr":true,"stdout":"  File \"train.py\", line 630, in <module>\n"},"type":"ws_msg"}
{"payload":{"local_timestamp":1665574524291,"stderr":true,"stdout":"    "},"type":"ws_msg"}
{"payload":{"local_timestamp":1665574524291,"stderr":true,"stdout":"main(opt)"},"type":"ws_msg"}
{"payload":{"local_timestamp":1665574524291,"stderr":true,"stdout":"\n"},"type":"ws_msg"}
{"payload":{"local_timestamp":1665574524292,"stderr":true,"stdout":"  File \"train.py\", line 526, in main\n"},"type":"ws_msg"}
{"payload":{"local_timestamp":1665574524292,"stderr":true,"stdout":"    "},"type":"ws_msg"}
{"payload":{"local_timestamp":1665574524292,"stderr":true,"stdout":"train(opt.hyp, opt, device, callbacks)"},"type":"ws_msg"}
{"payload":{"local_timestamp":1665574524293,"stderr":true,"stdout":"\n"},"type":"ws_msg"}
{"payload":{"local_timestamp":1665574524293,"stderr":true,"stdout":"  File \"train.py\", line 94, in train\n"},"type":"ws_msg"}
{"payload":{"local_timestamp":1665574524293,"stderr":true,"stdout":"    "},"type":"ws_msg"}
{"payload":{"local_timestamp":1665574524293,"stderr":true,"stdout":"loggers = Loggers(save_dir, weights, opt, hyp, LOGGER)  # loggers instance"},"type":"ws_msg"}
{"payload":{"local_timestamp":1665574524294,"stderr":true,"stdout":"\n"},"type":"ws_msg"}
{"payload":{"local_timestamp":1665574524294,"stderr":true,"stdout":"  File \"C:\\Users\\yoons\\Desktop\\cap\\muchine\\yolov5-master\\yolov5-master\\utils\\loggers\\__init__.py\", line 132, in __init__\n"},"type":"ws_msg"}
{"payload":{"local_timestamp":1665574524294,"stderr":true,"stdout":"    "},"type":"ws_msg"}
{"payload":{"local_timestamp":1665574524294,"stderr":true,"stdout":"self.comet_logger = CometLogger(self.opt, self.hyp)"},"type":"ws_msg"}
{"payload":{"local_timestamp":1665574524295,"stderr":true,"stdout":"\n"},"type":"ws_msg"}
{"payload":{"local_timestamp":1665574524295,"stderr":true,"stdout":"  File \"C:\\Users\\yoons\\Desktop\\cap\\muchine\\yolov5-master\\yolov5-master\\utils\\loggers\\comet\\__init__.py\", line 97, in __init__\n"},"type":"ws_msg"}
{"payload":{"local_timestamp":1665574524295,"stderr":true,"stdout":"    "},"type":"ws_msg"}
{"payload":{"local_timestamp":1665574524295,"stderr":true,"stdout":"self.data_dict = self.check_dataset(self.opt.data)"},"type":"ws_msg"}
{"payload":{"local_timestamp":1665574524296,"stderr":true,"stdout":"\n"},"type":"ws_msg"}
{"payload":{"local_timestamp":1665574524296,"stderr":true,"stdout":"  File \"C:\\Users\\yoons\\Desktop\\cap\\muchine\\yolov5-master\\yolov5-master\\utils\\loggers\\comet\\__init__.py\", line 232, in check_dataset\n"},"type":"ws_msg"}
{"payload":{"local_timestamp":1665574524296,"stderr":true,"stdout":"    "},"type":"ws_msg"}
{"payload":{"local_timestamp":1665574524297,"stderr":true,"stdout":"data_config = yaml.safe_load(f)"},"type":"ws_msg"}
{"payload":{"local_timestamp":1665574524297,"stderr":true,"stdout":"\n"},"type":"ws_msg"}
{"payload":{"local_timestamp":1665574524297,"stderr":true,"stdout":"  File \"C:\\ProgramData\\Anaconda3\\envs\\cap\\lib\\site-packages\\yaml\\__init__.py\", line 125, in safe_load\n"},"type":"ws_msg"}
{"payload":{"local_timestamp":1665574524297,"stderr":true,"stdout":"    "},"type":"ws_msg"}
{"payload":{"local_timestamp":1665574524297,"stderr":true,"stdout":"return load(stream, SafeLoader)"},"type":"ws_msg"}
{"payload":{"local_timestamp":1665574524298,"stderr":true,"stdout":"\n"},"type":"ws_msg"}
{"payload":{"local_timestamp":1665574524298,"stderr":true,"stdout":"  File \"C:\\ProgramData\\Anaconda3\\envs\\cap\\lib\\site-packages\\yaml\\__init__.py\", line 79, in load\n"},"type":"ws_msg"}
{"payload":{"local_timestamp":1665574524298,"stderr":true,"stdout":"    "},"type":"ws_msg"}
{"payload":{"local_timestamp":1665574524299,"stderr":true,"stdout":"loader = Loader(stream)"},"type":"ws_msg"}
{"payload":{"local_timestamp":1665574524300,"stderr":true,"stdout":"\n"},"type":"ws_msg"}
{"payload":{"local_timestamp":1665574524305,"stderr":true,"stdout":"  File \"C:\\ProgramData\\Anaconda3\\envs\\cap\\lib\\site-packages\\yaml\\loader.py\", line 34, in __init__\n"},"type":"ws_msg"}
{"payload":{"local_timestamp":1665574524305,"stderr":true,"stdout":"    "},"type":"ws_msg"}
{"payload":{"local_timestamp":1665574524306,"stderr":true,"stdout":"Reader.__init__(self, stream)"},"type":"ws_msg"}
{"payload":{"local_timestamp":1665574524306,"stderr":true,"stdout":"\n"},"type":"ws_msg"}
{"payload":{"local_timestamp":1665574524306,"stderr":true,"stdout":"  File \"C:\\ProgramData\\Anaconda3\\envs\\cap\\lib\\site-packages\\yaml\\reader.py\", line 85, in __init__\n"},"type":"ws_msg"}
{"payload":{"local_timestamp":1665574524307,"stderr":true,"stdout":"    "},"type":"ws_msg"}
{"payload":{"local_timestamp":1665574524307,"stderr":true,"stdout":"self.determine_encoding()"},"type":"ws_msg"}
{"payload":{"local_timestamp":1665574524307,"stderr":true,"stdout":"\n"},"type":"ws_msg"}
{"payload":{"local_timestamp":1665574524307,"stderr":true,"stdout":"  File \"C:\\ProgramData\\Anaconda3\\envs\\cap\\lib\\site-packages\\yaml\\reader.py\", line 124, in determine_encoding\n"},"type":"ws_msg"}
{"payload":{"local_timestamp":1665574524308,"stderr":true,"stdout":"    "},"type":"ws_msg"}
{"payload":{"local_timestamp":1665574524308,"stderr":true,"stdout":"self.update_raw()"},"type":"ws_msg"}
{"payload":{"local_timestamp":1665574524308,"stderr":true,"stdout":"\n"},"type":"ws_msg"}
{"payload":{"local_timestamp":1665574524308,"stderr":true,"stdout":"  File \"C:\\ProgramData\\Anaconda3\\envs\\cap\\lib\\site-packages\\yaml\\reader.py\", line 178, in update_raw\n"},"type":"ws_msg"}
{"payload":{"local_timestamp":1665574524309,"stderr":true,"stdout":"    "},"type":"ws_msg"}
{"payload":{"local_timestamp":1665574524309,"stderr":true,"stdout":"data = self.stream.read(size)"},"type":"ws_msg"}
{"payload":{"local_timestamp":1665574524309,"stderr":true,"stdout":"\n"},"type":"ws_msg"}
{"payload":{"local_timestamp":1665574524310,"stderr":true,"stdout":"UnicodeDecodeError"},"type":"ws_msg"}
{"payload":{"local_timestamp":1665574524310,"stderr":true,"stdout":": "},"type":"ws_msg"}
{"payload":{"local_timestamp":1665574524310,"stderr":true,"stdout":"'cp949' codec can't decode byte 0xf0 in position 9: illegal multibyte sequence"},"type":"ws_msg"}
{"payload":{"local_timestamp":1665574524310,"stderr":true,"stdout":"\n"},"type":"ws_msg"}
{"payload":{"additional_params":{"assetId":"d977229dce7f4e84954e35415c17a47d","context":null,"epoch":null,"extension":"yml","fileName":"conda-environment.yml","overwrite":false,"runId":null,"step":null,"type":"conda-environment-definition"},"clean":true,"file_path":"tmp4rf_seq6","local_timestamp":1665574527295,"metadata":{},"upload_type":"conda-environment-definition"},"type":"file_upload"}
{"payload":{"additional_params":{"assetId":"00d4f7143b744d238ad2e045ed006c27","context":null,"epoch":null,"extension":"txt","fileName":"conda-spec.txt","overwrite":false,"runId":null,"step":null,"type":"conda-specification"},"clean":true,"file_path":"tmp7wvnxwei","local_timestamp":1665574527952,"metadata":{},"upload_type":"conda-specification"},"type":"file_upload"}
{"payload":{"additional_params":{"assetId":"e649e8cc4d2a41f8adca35f6f5cf7079","context":null,"epoch":null,"extension":"yml","fileName":"conda-info.yml","overwrite":false,"runId":null,"step":null,"type":"conda-info"},"clean":true,"file_path":"tmp9o1uu47h","local_timestamp":1665574528560,"metadata":{},"upload_type":"conda-info"},"type":"file_upload"}
{"payload":{"local_timestamp":1665574528578,"log_other":{"key":"sys.already_imported_modules","val":"[\"torch\", \"tensorboard\"]"}},"type":"ws_msg"}
